J_delta_alpha,J_gamma_alpha,J_delta_beta,J_delta_beta_gnd,J_gamma_beta,delta_alpha,gamma_alpha,delta_beta,delta_beta_gnd,gamma_beta,J,J_ls,J_reg
315.27553841812517,201603.5425517779,2.299846675393845e-05,0.00023761102138038389,27670.69517024243,1e-05,100.0,1e-05,3e-05,100.0,283225940.8680336,282994365.2833659,229589.51352104795
